{"cameraMode":{"drawMode":0,"name":"Shaded","section":"Shading Mode"},"sceneLighting":false,"audioPlay":false,"sceneViewState":{"m_AlwaysRefresh":false,"showFog":true,"showSkybox":true,"showFlares":true,"showImageEffects":true,"showParticleSystems":true,"showVisualEffectGraphs":true,"m_FxEnabled":true},"in2DMode":false,"pivot":{"x":0.4959999918937683,"y":0.8209999799728394,"z":0.9380000233650208},"rotation":{"x":0.013811212033033371,"y":0.7892392873764038,"z":-0.017760591581463815,"w":0.61366868019104},"size":0.03644486516714096,"orthographic":false}