{"cameraMode":{"drawMode":0,"name":"Shaded","section":"Shading Mode"},"sceneLighting":false,"audioPlay":false,"sceneViewState":{"m_AlwaysRefresh":false,"showFog":true,"showSkybox":true,"showFlares":true,"showImageEffects":true,"showParticleSystems":true,"showVisualEffectGraphs":true,"m_FxEnabled":true},"in2DMode":false,"pivot":{"x":3.1521921157836916,"y":0.3786742091178894,"z":-7.7578558921813969},"rotation":{"x":0.22650191187858582,"y":0.142001211643219,"z":-0.033396217972040179,"w":0.963021457195282},"size":0.6435275077819824,"orthographic":false}